name,price
A Light in the ...,£51.77
Tipping the Velvet,£51.77
Soumission,£51.77
Sharp Objects,£51.77
Sapiens: A Brief History ...,£51.77
The Requiem Red,£51.77
The Dirty Little Secrets ...,£51.77
The Coming Woman: A ...,£51.77
The Boys in the ...,£51.77
The Black Maria,£51.77
Starving Hearts (Triangular Trade ...,£51.77
Shakespeare's Sonnets,£51.77
Set Me Free,£51.77
Scott Pilgrim's Precious Little ...,£51.77
Rip it Up and ...,£51.77
Our Band Could Be ...,£51.77
Olio,£51.77
Mesaerion: The Best Science ...,£51.77
Libertarianism for Beginners,£51.77
It's Only the Himalayas,£51.77
In Her Wake,£12.84
How Music Works,£12.84
Foolproof Preserving: A Guide ...,£12.84
Chase Me (Paris Nights ...,£12.84
Black Dust,£12.84
Birdsong: A Story in ...,£12.84
America's Cradle of Quarterbacks: ...,£12.84
Aladdin and His Wonderful ...,£12.84
Worlds Elsewhere: Journeys Around ...,£12.84
Wall and Piece,£12.84
The Four Agreements: A ...,£12.84
The Five Love Languages: ...,£12.84
The Elephant Tree,£12.84
The Bear and the ...,£12.84
Sophie's World,£12.84
Penny Maybe,£12.84
Maude (1883-1993):She Grew Up ...,£12.84
"In a Dark, Dark ...",£12.84
Behind Closed Doors,£12.84
You can't bury them ...,£12.84
name,price
A Light in the ...,£51.77
Tipping the Velvet,£51.77
Soumission,£51.77
Sharp Objects,£51.77
Sapiens: A Brief History ...,£51.77
The Requiem Red,£51.77
The Dirty Little Secrets ...,£51.77
The Coming Woman: A ...,£51.77
The Boys in the ...,£51.77
The Black Maria,£51.77
Starving Hearts (Triangular Trade ...,£51.77
Shakespeare's Sonnets,£51.77
Set Me Free,£51.77
Scott Pilgrim's Precious Little ...,£51.77
Rip it Up and ...,£51.77
Our Band Could Be ...,£51.77
Olio,£51.77
Mesaerion: The Best Science ...,£51.77
Libertarianism for Beginners,£51.77
It's Only the Himalayas,£51.77
In Her Wake,£12.84
How Music Works,£12.84
Foolproof Preserving: A Guide ...,£12.84
Chase Me (Paris Nights ...,£12.84
Black Dust,£12.84
Birdsong: A Story in ...,£12.84
America's Cradle of Quarterbacks: ...,£12.84
Aladdin and His Wonderful ...,£12.84
Worlds Elsewhere: Journeys Around ...,£12.84
Wall and Piece,£12.84
The Four Agreements: A ...,£12.84
The Five Love Languages: ...,£12.84
The Elephant Tree,£12.84
The Bear and the ...,£12.84
Sophie's World,£12.84
Penny Maybe,£12.84
Maude (1883-1993):She Grew Up ...,£12.84
"In a Dark, Dark ...",£12.84
Behind Closed Doors,£12.84
You can't bury them ...,£12.84
name,price
A Light in the ...,£51.77
Tipping the Velvet,£51.77
Soumission,£51.77
Sharp Objects,£51.77
Sapiens: A Brief History ...,£51.77
The Requiem Red,£51.77
The Dirty Little Secrets ...,£51.77
The Coming Woman: A ...,£51.77
The Boys in the ...,£51.77
The Black Maria,£51.77
Starving Hearts (Triangular Trade ...,£51.77
Shakespeare's Sonnets,£51.77
Set Me Free,£51.77
Scott Pilgrim's Precious Little ...,£51.77
Rip it Up and ...,£51.77
Our Band Could Be ...,£51.77
Olio,£51.77
Mesaerion: The Best Science ...,£51.77
Libertarianism for Beginners,£51.77
It's Only the Himalayas,£51.77
In Her Wake,£12.84
How Music Works,£12.84
Foolproof Preserving: A Guide ...,£12.84
Chase Me (Paris Nights ...,£12.84
Black Dust,£12.84
Birdsong: A Story in ...,£12.84
America's Cradle of Quarterbacks: ...,£12.84
Aladdin and His Wonderful ...,£12.84
Worlds Elsewhere: Journeys Around ...,£12.84
Wall and Piece,£12.84
The Four Agreements: A ...,£12.84
The Five Love Languages: ...,£12.84
The Elephant Tree,£12.84
The Bear and the ...,£12.84
Sophie's World,£12.84
Penny Maybe,£12.84
Maude (1883-1993):She Grew Up ...,£12.84
"In a Dark, Dark ...",£12.84
Behind Closed Doors,£12.84
You can't bury them ...,£12.84
name,price
A Light in the ...,£51.77
Tipping the Velvet,£51.77
Soumission,£51.77
Sharp Objects,£51.77
Sapiens: A Brief History ...,£51.77
The Requiem Red,£51.77
The Dirty Little Secrets ...,£51.77
The Coming Woman: A ...,£51.77
The Boys in the ...,£51.77
The Black Maria,£51.77
Starving Hearts (Triangular Trade ...,£51.77
Shakespeare's Sonnets,£51.77
Set Me Free,£51.77
Scott Pilgrim's Precious Little ...,£51.77
Rip it Up and ...,£51.77
Our Band Could Be ...,£51.77
Olio,£51.77
Mesaerion: The Best Science ...,£51.77
Libertarianism for Beginners,£51.77
It's Only the Himalayas,£51.77
In Her Wake,£12.84
How Music Works,£12.84
Foolproof Preserving: A Guide ...,£12.84
Chase Me (Paris Nights ...,£12.84
Black Dust,£12.84
Birdsong: A Story in ...,£12.84
America's Cradle of Quarterbacks: ...,£12.84
Aladdin and His Wonderful ...,£12.84
Worlds Elsewhere: Journeys Around ...,£12.84
Wall and Piece,£12.84
The Four Agreements: A ...,£12.84
The Five Love Languages: ...,£12.84
The Elephant Tree,£12.84
The Bear and the ...,£12.84
Sophie's World,£12.84
Penny Maybe,£12.84
Maude (1883-1993):She Grew Up ...,£12.84
"In a Dark, Dark ...",£12.84
Behind Closed Doors,£12.84
You can't bury them ...,£12.84
name,price
A Light in the ...,£51.77
Tipping the Velvet,£51.77
Soumission,£51.77
Sharp Objects,£51.77
Sapiens: A Brief History ...,£51.77
The Requiem Red,£51.77
The Dirty Little Secrets ...,£51.77
The Coming Woman: A ...,£51.77
The Boys in the ...,£51.77
The Black Maria,£51.77
Starving Hearts (Triangular Trade ...,£51.77
Shakespeare's Sonnets,£51.77
Set Me Free,£51.77
Scott Pilgrim's Precious Little ...,£51.77
Rip it Up and ...,£51.77
Our Band Could Be ...,£51.77
Olio,£51.77
Mesaerion: The Best Science ...,£51.77
Libertarianism for Beginners,£51.77
It's Only the Himalayas,£51.77
name,price
A Light in the ...,£51.77
Tipping the Velvet,£51.77
Soumission,£51.77
Sharp Objects,£51.77
Sapiens: A Brief History ...,£51.77
The Requiem Red,£51.77
The Dirty Little Secrets ...,£51.77
The Coming Woman: A ...,£51.77
The Boys in the ...,£51.77
The Black Maria,£51.77
Starving Hearts (Triangular Trade ...,£51.77
Shakespeare's Sonnets,£51.77
Set Me Free,£51.77
Scott Pilgrim's Precious Little ...,£51.77
Rip it Up and ...,£51.77
Our Band Could Be ...,£51.77
Olio,£51.77
Mesaerion: The Best Science ...,£51.77
Libertarianism for Beginners,£51.77
It's Only the Himalayas,£51.77
In Her Wake,£12.84
How Music Works,£12.84
Foolproof Preserving: A Guide ...,£12.84
Chase Me (Paris Nights ...,£12.84
Black Dust,£12.84
Birdsong: A Story in ...,£12.84
America's Cradle of Quarterbacks: ...,£12.84
Aladdin and His Wonderful ...,£12.84
Worlds Elsewhere: Journeys Around ...,£12.84
Wall and Piece,£12.84
The Four Agreements: A ...,£12.84
The Five Love Languages: ...,£12.84
The Elephant Tree,£12.84
The Bear and the ...,£12.84
Sophie's World,£12.84
Penny Maybe,£12.84
Maude (1883-1993):She Grew Up ...,£12.84
"In a Dark, Dark ...",£12.84
Behind Closed Doors,£12.84
You can't bury them ...,£12.84
name,price
A Light in the ...,£51.77
Tipping the Velvet,£51.77
Soumission,£51.77
Sharp Objects,£51.77
Sapiens: A Brief History ...,£51.77
The Requiem Red,£51.77
The Dirty Little Secrets ...,£51.77
The Coming Woman: A ...,£51.77
The Boys in the ...,£51.77
The Black Maria,£51.77
Starving Hearts (Triangular Trade ...,£51.77
Shakespeare's Sonnets,£51.77
Set Me Free,£51.77
Scott Pilgrim's Precious Little ...,£51.77
Rip it Up and ...,£51.77
Our Band Could Be ...,£51.77
Olio,£51.77
Mesaerion: The Best Science ...,£51.77
Libertarianism for Beginners,£51.77
It's Only the Himalayas,£51.77
In Her Wake,£12.84
How Music Works,£12.84
Foolproof Preserving: A Guide ...,£12.84
Chase Me (Paris Nights ...,£12.84
Black Dust,£12.84
Birdsong: A Story in ...,£12.84
America's Cradle of Quarterbacks: ...,£12.84
Aladdin and His Wonderful ...,£12.84
Worlds Elsewhere: Journeys Around ...,£12.84
Wall and Piece,£12.84
The Four Agreements: A ...,£12.84
The Five Love Languages: ...,£12.84
The Elephant Tree,£12.84
The Bear and the ...,£12.84
Sophie's World,£12.84
Penny Maybe,£12.84
Maude (1883-1993):She Grew Up ...,£12.84
"In a Dark, Dark ...",£12.84
Behind Closed Doors,£12.84
You can't bury them ...,£12.84
name,price
A Light in the ...,£51.77
Tipping the Velvet,£51.77
Soumission,£51.77
Sharp Objects,£51.77
Sapiens: A Brief History ...,£51.77
The Requiem Red,£51.77
The Dirty Little Secrets ...,£51.77
The Coming Woman: A ...,£51.77
The Boys in the ...,£51.77
The Black Maria,£51.77
Starving Hearts (Triangular Trade ...,£51.77
Shakespeare's Sonnets,£51.77
Set Me Free,£51.77
Scott Pilgrim's Precious Little ...,£51.77
Rip it Up and ...,£51.77
Our Band Could Be ...,£51.77
Olio,£51.77
Mesaerion: The Best Science ...,£51.77
Libertarianism for Beginners,£51.77
It's Only the Himalayas,£51.77
In Her Wake,£12.84
How Music Works,£12.84
Foolproof Preserving: A Guide ...,£12.84
Chase Me (Paris Nights ...,£12.84
Black Dust,£12.84
Birdsong: A Story in ...,£12.84
America's Cradle of Quarterbacks: ...,£12.84
Aladdin and His Wonderful ...,£12.84
Worlds Elsewhere: Journeys Around ...,£12.84
Wall and Piece,£12.84
The Four Agreements: A ...,£12.84
The Five Love Languages: ...,£12.84
The Elephant Tree,£12.84
The Bear and the ...,£12.84
Sophie's World,£12.84
Penny Maybe,£12.84
Maude (1883-1993):She Grew Up ...,£12.84
"In a Dark, Dark ...",£12.84
Behind Closed Doors,£12.84
You can't bury them ...,£12.84
name,price
A Light in the ...,£51.77
Tipping the Velvet,£51.77
Soumission,£51.77
Sharp Objects,£51.77
Sapiens: A Brief History ...,£51.77
The Requiem Red,£51.77
The Dirty Little Secrets ...,£51.77
The Coming Woman: A ...,£51.77
The Boys in the ...,£51.77
The Black Maria,£51.77
Starving Hearts (Triangular Trade ...,£51.77
Shakespeare's Sonnets,£51.77
Set Me Free,£51.77
Scott Pilgrim's Precious Little ...,£51.77
Rip it Up and ...,£51.77
Our Band Could Be ...,£51.77
Olio,£51.77
Mesaerion: The Best Science ...,£51.77
Libertarianism for Beginners,£51.77
It's Only the Himalayas,£51.77
